"","coords.x1","coords.x2","collection_no"
"1",-30.3295899716909,-60.0521399509676,22661
"2",91.3878333403942,32.2193093559537,27160
"3",37.0430493148035,34.1604923829339,27952
"4",37.0430493148035,34.1604923829339,28065
"5",40.2257128581189,32.4503502269284,28854
"6",42.8526513686007,30.2476983218246,28855
"7",-28.8392029974618,-60.0544132554517,34816
"8",36.9959501151354,34.2194741090647,37202
"9",15.150404223251,-54.4939863845866,38064
"10",15.0956557925127,-54.5525941789578,38065
"11",8.53737507020755,-15.8338969934719,68053
"12",8.51415162036225,-15.8297046607244,68054
"13",14.9089842468258,17.8370725589808,77197
"14",91.0818455484713,29.7502478508313,78694
"15",1.33231129507851,3.25328515487651,79588
"16",-1.9109651618556,-56.8161487290209,79811
"17",-27.4445772359708,-62.2113141618602,80064
"18",-28.5924668641256,-61.7867286354112,80216
"19",-28.0424614008764,-61.9155478789238,80219
"20",-28.1073279543205,-61.8277220348398,80220
"21",-28.5955951592712,-61.4176472526386,80223
"22",-28.0424614008764,-61.9155478789238,80225
"23",43.1038566339593,-55.2295602722932,80572
"24",42.8526513686007,30.2476983218246,80712
"25",-28.803811465329,-62.0543346861065,80826
"26",22.7949606291018,15.7036655798335,81115
"27",-29.6594488194546,-60.2648810957208,84714
"28",8.63874769429901,-16.2315613795483,84824
"29",22.0582977016997,15.7771326945813,84836
"30",12.888189315149,-54.2858223672675,84914
"31",49.1280954212034,30.8588633722828,85483
"32",23.6199233041902,16.4988960462466,85484
"33",22.8020265597957,15.7071567649258,85488
"34",22.8073011909345,15.7127393442713,85489
"35",23.0718676381852,16.4055890332407,85490
"36",24.3443242804655,-52.6807828915002,85494
"37",26.8027233532054,-52.1660759695322,85505
"38",25.6965057925299,-52.6332661284835,85506
"39",26.9847258712675,-52.1151970515453,85512
"40",22.7805861859895,15.7163345199874,85557
"41",23.0423855152566,16.3948081544229,85561
"42",23.5065686240837,15.5908643600441,85564
"43",23.2089516823836,16.4007664077832,85565
"44",-27.4323661954428,-62.1919794495554,85948
"45",12.888189315149,-54.2858223672675,86257
"46",-28.1138755223343,-61.5769203909262,86258
"47",-29.0789320449555,-60.2421285380909,86275
"48",-30.7353750492017,-59.7701141355791,86276
"49",-30.7702427730648,-59.8165015642513,86278
"50",-30.7563789411048,-59.8122961780788,86279
"51",-30.731075224185,-59.8110182240218,86280
"52",-30.7036852595839,-59.7886366668569,86282
"53",-30.7029578487414,-59.7752168163297,86284
"54",-30.6894467765695,-59.7748981442567,86285
"55",-30.660922423427,-59.763215660008,86286
"56",-30.6648724449001,-59.762781263097,86296
"57",-30.7067711971105,-59.756384842692,86297
"58",-30.7103573809241,-59.7635236049598,86298
"59",-30.7296781450261,-59.7676277123223,86299
"60",-30.7369301835152,-59.7589672303802,86300
"61",-30.7739779469357,-59.7347038691286,86301
"62",-30.7805823961361,-59.7361063481519,86302
"63",-30.6796863286572,-59.7679730064324,86303
"64",38.5514531080861,28.844401850748,86346
"65",39.8453670609794,31.8183027020339,86356
"66",46.3064812309739,30.560965572875,86484
"67",14.8415770244048,17.6286181401578,87004
"68",9.78139103168492,-54.8447288104343,88618
"69",1.31883213988903,3.25125982908586,89607
"70",13.3070038651786,20.4656781543144,92323
"71",26.9847258712675,-52.1151970515453,92491
"72",91.1478996046789,29.7506665540275,92907
"73",91.4691074383597,26.9867973921235,92909
"74",36.4050661661022,32.1065161610011,93016
"75",37.1598542386844,33.9399464290362,93025
"76",38.8952052787139,29.0080514805553,93026
"77",48.9990019379747,29.7932441681209,93027
"78",46.7335923998189,30.09879102368,93030
"79",23.0319466952652,15.655297769399,93033
"80",23.0917700602742,15.6237430989983,93034
"81",23.7232646227228,16.6648522072714,93035
"82",22.8473918086735,15.7046170197378,93036
"83",48.8388542116232,30.0780162643752,93207
"84",92.001532597662,31.1814915370152,93536
"85",-27.7712409593349,-62.1459893055291,98601
"86",-28.7989333153133,-61.7620637281181,114631
"87",-30.8580127158493,-57.7954281866586,115685
"88",-25.1551883262547,-62.0248210642787,115686
"89",-28.7621708223329,-61.3392090941736,116452
"90",-27.9102959453716,-62.1819154449889,119437
"91",40.1101320600538,32.5361914670373,119783
"92",40.1699592457588,34.0401061313251,120215
"93",36.5453930660066,32.7244598823594,124277
"94",-30.2109734005976,-59.5317536560701,131112
"95",14.9604100340919,-54.4909446879184,135698
"96",14.8861717001579,-54.6383315430568,135700
"97",147.058623247607,-68.5257571184619,136494
"98",-29.2381265363464,-61.9568427919957,144271
"99",-28.803811465329,-62.0543346861065,144272
"100",-29.2531163694836,-61.48422236071,144682
"101",14.9166079910698,17.7486745446913,149620
"102",14.5486340810207,-54.7213173249741,149622
"103",36.4050661661022,32.1065161610011,149692
"104",91.437209612125,26.9824895831584,171025
"105",-28.2287382471915,-61.9229764680887,171337
"106",24.5140299362888,-51.4443446705731,171354
"107",26.3703469826457,-52.3829084467617,171355
"108",-28.80181170718,-61.7166164413225,171376
"109",-29.7140259772661,-60.3073590341057,171377
"110",-28.2287382471915,-61.9229764680887,171378
"111",15.0237333216832,-54.491987027847,171379
"112",-28.589464168633,-61.9116632054401,171384
"113",-30.6831016522983,-59.7646190055351,174392
"114",-29.2457894519675,-62.6053527849661,174422
"115",-30.1003211405653,-60.3277297019481,174454
"116",-28.5312565366802,-60.7641913945257,174622
"117",-28.5571480988391,-61.9435472621218,174626
"118",-28.1913222257185,-60.615800396546,174666
"119",-28.2040402139309,-61.9705789641465,174717
"120",-24.6148996910279,-63.5903498497913,174734
"121",-28.5955951592712,-61.4176472526386,174736
"122",-28.6818050925067,-61.26074133891,175331
"123",75.5986392033484,42.5690935078778,175554
"124",74.745997638331,43.0116491768069,175556
"125",-28.3043582150047,-60.2288861003741,175565
"126",-28.6070328583881,-61.4914848841419,175566
"127",13.263282562248,-54.4747052616739,176291
"128",13.263282562248,-54.4747052616739,176292
"129",-30.7200286276847,-59.8127573145192,176307
"130",-28.2193013518201,-62.0067043283445,176308
"131",-27.6215810012567,-61.2488241896219,176309
"132",-28.6183128329851,-62.4107579940196,176310
"133",-28.803811465329,-62.0543346861065,176311
"134",-27.6272431362989,-61.2529161518865,176313
"135",9.96392312049574,-54.8396449917135,176315
"136",-28.1018792815907,-62.2048788711037,176331
"137",-28.6250343558607,-61.725686598772,176339
"138",-28.9924718558984,-61.1252104923176,176357
"139",-28.9924718558984,-61.1252104923176,176358
"140",-28.9084137858817,-61.9036798680611,176501
"141",-28.6124408590732,-62.0352891216635,176504
"142",-29.0390204711033,-62.6545065870482,176830
"143",-26.9375120277629,-61.6042144583483,176916
"144",-28.818707315445,-62.0677558235535,176919
"145",-28.8796353747329,-61.1432617603137,176923
"146",-28.5633793531774,-61.5122521717939,177008
"147",-28.5664555706446,-63.4472452630434,177544
"148",-28.3622607724315,-63.8839284925622,177585
"149",-28.6720091839058,-61.690159297442,177587
"150",-27.7554252839869,-62.1752216858951,177606
"151",-28.3123571668722,-64.0182728566784,178053
"152",-28.5652915810016,-63.8802738376943,178105
"153",-27.9249523988635,-64.872954539611,178109
"154",-28.9145050321337,-62.0829093131014,178113
"155",-25.375111474003,-65.2795615671877,178127
"156",14.9302464869709,-54.5573299554941,178128
"157",-6.6233142465491,-61.7632694053585,178198
"158",74.439110010199,42.2497895061587,178200
"159",76.2050997140399,42.5059693319265,178201
"160",74.4512986439379,42.2399447365063,178202
"161",-28.8030817839532,-62.0608251944909,178274
"162",-27.6160217195445,-61.2520356525448,178478
"163",-27.6111707365586,-61.2619101317721,178523
"164",-28.3890024193787,-63.8940396484353,178694
"165",-28.7621708223329,-61.3392090941736,178734
"166",-28.8030817839532,-62.0608251944909,178740
"167",-28.9902612462718,-61.475474374054,178742
"168",-28.8030817839532,-62.0608251944909,178743
"169",-28.3137323293421,-61.4872676773722,178744
"170",-28.7621708223329,-61.3392090941736,178803
"171",-29.0538487894894,-61.4956188583139,178805
"172",-30.623178979594,-60.6372201195923,178806
"173",-30.4101481705304,-60.5890602511454,178830
"174",-28.7621708223329,-61.3392090941736,178865
"175",-28.7621708223329,-61.3392090941736,178866
"176",-29.2523117856847,-61.2559000564377,178867
"177",-27.6111707365586,-61.2619101317721,178869
"178",-28.1894536312455,-60.6151285302738,178870
"179",-30.3287071712885,-60.5740384417281,178879
"180",9.78139103168492,-54.8447288104343,178882
"181",9.74142835922658,-54.8483935669045,178883
"182",-28.8061027421302,-61.3206021001419,179072
"183",-28.5924668641256,-61.7867286354112,179335
"184",-28.0494086760419,-61.8455175066375,179482
"185",-28.7059227958747,-60.8586936558432,179590
"186",-25.4080436152413,-61.8626065524109,179622
"187",49.2712994659449,30.2430206152311,179653
"188",-30.1225759241663,-60.415647412217,180347
"189",15.4853543356426,-54.6176244804813,180461
"190",-28.7504832016258,-61.3416603473734,180462
"191",-28.6352675493504,-62.0590372396436,180677
"192",-30.1939270385548,-60.5610323472504,180782
"193",-29.1183811522594,-62.8311158349376,180787
"194",-28.7845049014171,-62.0642762009825,180807
"195",47.8874287012927,30.1463141148997,180868
"196",-28.7931492039341,-62.057574475383,180878
"197",-28.2584744718372,-64.0517679005267,180880
"198",-29.0230157985865,-63.0580885667601,181090
"199",14.9963000750989,-54.521268220812,181520
"200",-29.1627168285569,-61.3142574542905,181609
"201",-22.0267158875402,-60.6834263980535,181611
"202",-30.3287071712885,-60.5740384417281,181803
"203",12.8675840745273,-53.9547840882631,184599
"204",12.8675840745273,-53.9547840882631,184600
"205",12.9595033134277,-54.2392488190429,184660
"206",13.0215184015918,-54.2296408694559,184661
"207",13.0809972121708,-54.1978579239882,184662
"208",13.0165941822341,-54.1756208921496,184663
"209",13.0359789792722,-54.042296653684,184664
"210",12.8497217875094,-54.0283202668801,184665
"211",12.8497217875094,-54.0283202668801,184666
"212",12.8497217875094,-54.0283202668801,184667
"213",12.8497217875094,-54.0283202668801,184668
"214",12.8497217875094,-54.0283202668801,184669
"215",12.8497217875094,-54.0283202668801,184670
"216",12.8497217875094,-54.0283202668801,184672
"217",12.8497217875094,-54.0283202668801,184673
"218",12.8497217875094,-54.0283202668801,184674
"219",12.8497217875094,-54.0283202668801,184675
"220",12.8497217875094,-54.0283202668801,184676
"221",12.8497217875094,-54.0283202668801,184677
"222",12.8497217875094,-54.0283202668801,185594
"223",12.8497217875094,-54.0283202668801,185595
"224",12.8497217875094,-54.0283202668801,185596
"225",12.8497217875094,-54.0283202668801,185597
"226",12.8497217875094,-54.0283202668801,185598
"227",12.8497217875094,-54.0283202668801,185599
"228",12.8497217875094,-54.0283202668801,185600
"229",12.8497217875094,-54.0283202668801,185601
"230",12.8497217875094,-54.0283202668801,185602
"231",12.8497217875094,-54.0283202668801,185603
"232",12.8497217875094,-54.0283202668801,185604
"233",12.8497217875094,-54.0283202668801,185605
"234",12.8497217875094,-54.0283202668801,185606
"235",12.8252274023635,-56.4401660072463,185745
"236",-30.236326293219,-59.5686938847816,185746
"237",-30.236326293219,-59.5686938847816,185747
"238",-30.3287071712885,-60.5740384417281,185748
"239",-30.5679604101458,-60.1061734654037,185749
"240",-30.4093944476877,-60.361157062511,185750
"241",74.8113039049608,42.9344963052304,186803
"242",37.0299396880185,33.3515103544538,187752
"243",36.798598087961,33.1125749156728,187928
"244",37.2050017310199,33.872680456845,187938
"245",37.2244104699419,33.699394667173,187939
"246",-24.2459681032156,-62.4439153341439,188676
"247",-32.8770083231182,-59.1556041918779,188978
"248",-30.8055457536378,-59.5482981359356,188979
"249",40.1864822776521,32.469701621227,189122
"250",36.798598087961,33.1125749156728,189125
"251",49.2546681591656,30.1608405531655,189314
"252",39.8059866779999,30.4559842356577,189315
"253",39.8059866779999,30.4559842356577,189316
"254",49.1124652410108,30.5466788958525,189331
"255",48.1837494042125,29.851465490754,189400
"256",49.2712994659449,30.2430206152311,189401
"257",38.5514531080861,28.844401850748,189402
"258",46.7793409152075,30.2348757366721,189495
"259",37.1851180790221,33.9117758686779,189496
"260",36.798598087961,33.1125749156728,189499
"261",36.798598087961,33.1125749156728,189500
"262",46.2729807265554,30.4232830889197,189501
"263",39.477152660943,29.545550632096,189502
"264",45.7141141226444,30.3456075702766,189503
"265",41.3045656076674,30.5619524958686,189504
"266",45.7141141226444,30.3456075702766,189505
"267",36.4050661661022,32.1065161610011,189506
"268",36.5453930660066,32.7244598823594,189507
"269",35.7841885463984,37.0152072711035,189532
"270",49.1124652410108,30.5466788958525,189571
"271",-28.8027080487658,-62.0675891634941,189781
"272",-22.6891846949732,-60.5774291145485,189782
"273",-29.853004466359,-60.6132350161836,190045
"274",36.9643951390372,33.3160838165659,190061
"275",15.0707983941169,-54.5447675611016,190330
"276",-29.8530253895146,-60.6132108612488,190331
"277",14.7347642156101,-54.457270111211,190334
"278",-29.8530253895146,-60.6132108612488,190556
"279",-30.2267880096239,-59.7308699347497,190565
"280",-30.2267880096239,-59.7308699347497,190567
"281",-30.2267880096239,-59.7308699347497,190568
"282",14.9302464869709,-54.5573299554941,190735
"283",-30.1500876027813,-60.0810119444754,193000
"284",-24.2920055737175,-62.4384065149665,195279
"285",-23.8894656831668,-62.6337121351919,195280
"286",-28.6947784871931,-61.3411169884726,196551
"287",-25.0226301943262,-62.0403788764672,196819
"288",48.8461799333675,29.8527436284463,196927
"289",12.8497217875094,-54.0283202668801,196928
"290",12.8497217875094,-54.0283202668801,196929
"291",12.8497217875094,-54.0283202668801,196930
"292",12.8497217875094,-54.0283202668801,196931
"293",71.3073363227128,-82.6886660528176,27265
"294",71.3073363227128,-82.6886660528176,27266
"295",36.9766399375189,32.6325468990715,28396
"296",37.5977996729226,32.331005668339,28397
"297",38.3099231386976,33.8432058104595,28398
"298",47.1621440741902,31.8386976985257,37037
"299",96.7408356442543,9.78861547457421,60516
"300",-20.0150974897879,-63.9781225368144,80140
"301",137.120768532386,-58.1897098566157,85560
"302",-23.2240788162592,-64.138063841893,85942
"303",37.2198650626722,31.7964299496503,85957
"304",70.7509852125647,-82.6177583928087,87414
"305",72.652879787448,45.1276725109624,93419
"306",37.2198650626722,31.7964299496503,93572
"307",37.2198650626722,31.7964299496503,93573
"308",36.8811282380474,34.2828323842775,93577
"309",36.9493854938055,31.9936813757208,94247
"310",138.664038658298,-56.9999291083948,94541
"311",-20.1614301308161,-63.9259308942584,98602
"312",72.652879787448,45.1276725109624,101069
"313",-20.8725778114522,-63.9497949483239,101956
"314",-12.297632970973,-64.9379986088743,105608
"315",-22.5019489865404,-63.5312039923926,105718
"316",73.239466859409,45.5582966375318,112284
"317",134.069767135453,-76.2130711018133,117149
"318",-22.8578828166173,-64.9041259598095,117176
"319",72.652879787448,45.1276725109624,117524
"320",21.1763859425913,13.6848144880682,118148
"321",25.4210357339632,17.1978599002611,134299
"322",138.008472086771,-58.5432217527871,136407
"323",134.877411756641,-57.4107671488643,136409
"324",143.142082261423,-67.6689014011989,136497
"325",58.8384499561013,-41.3291373256699,136568
"326",134.029532656383,-76.1179504484938,136589
"327",133.959359681654,-76.4147052352491,136590
"328",134.765352768743,-76.1408060294489,136591
"329",134.5835219711,-76.1554405938071,136592
"330",135.283981604773,-76.3023200104881,136593
"331",132.813505337183,-75.9128228710611,136594
"332",133.171168851943,-75.1504789483151,136595
"333",33.9448350318807,42.08097529213,143206
"334",72.2341457125853,44.1840858628457,143210
"335",72.7224761906535,45.0513736881209,143474
"336",72.7224761906535,45.0513736881209,143481
"337",74.176731662385,44.6401944711183,143485
"338",-18.7358407318374,-63.4927446945349,143692
"339",-12.8992843098809,-65.3496230521456,143714
"340",12.6765188095876,31.5007299435281,143870
"341",12.6765188095876,31.5007299435281,143871
"342",12.6765188095876,31.5007299435281,143872
"343",12.6765188095876,31.5007299435281,143873
"344",12.6765188095876,31.5007299435281,143874
"345",12.6765188095876,31.5007299435281,143875
"346",12.6765188095876,31.5007299435281,143876
"347",12.6765188095876,31.5007299435281,143877
"348",12.6765188095876,31.5007299435281,143878
"349",12.6765188095876,31.5007299435281,143882
"350",12.6765188095876,31.5007299435281,143883
"351",-23.2072242079103,-63.9242905726724,144128
"352",-21.4568030801277,-63.4033085066734,144129
"353",-24.2140976640356,-63.572795999761,144320
"354",-21.8800083501803,-64.2295705352247,144321
"355",-21.8800083501803,-64.2295705352247,144322
"356",-20.15995310011,-63.9432827437489,144323
"357",-20.1447799719476,-63.9529479143613,144325
"358",-19.0852749379326,-64.5141640758292,144327
"359",-12.297632970973,-64.9379986088743,144328
"360",-19.6957307695912,-64.101925340692,144333
"361",-16.7547369932525,-63.843251472491,145516
"362",-23.0786568479951,-63.7286025766001,171371
"363",72.7224761906535,45.0513736881209,173720
"364",-23.6330151087543,-64.547020184517,176503
"365",-21.4482595460142,-63.36777549296,177589
"366",-22.9370802493737,-63.5618957912702,178125
"367",72.7224761906535,45.0513736881209,186804
"368",37.416062175526,31.7016173187708,189460
"369",44.4265280773526,31.1546674579927,192165
"370",-20.1614301308161,-63.9259308942584,195278
"371",-23.8799347143982,-63.7903596543432,195281
"372",46.0925436746083,31.6766814148618,195805
"373",46.5721924252597,32.4947423465648,195811
"374",46.8888643327634,32.1294301203562,195820
"375",46.562311187533,31.4111435387287,195824
"376",45.9361355915095,31.5249021554127,195834
"377",45.0080759537593,31.3750546710459,195852
"378",44.9257789633333,31.3419838899452,195867
"379",44.8675392782414,31.3854857866223,195870
"380",44.7491884227888,31.2604389045984,195873
"381",44.2837075546421,31.4544494362219,196033
"382",44.2176302963085,31.4149389175469,196034
"383",44.1951853228662,31.1607157233647,196044
"384",44.2522366871592,31.2663402137027,196045
"385",44.1507002389599,31.2460830574831,196047
"386",44.1296850980247,31.3641571835309,196049
"387",44.0403334508963,31.3703574658119,196051
"388",44.0399760640127,31.3677645859329,196052
"389",44.0369753705143,31.3614669410798,196053
"390",43.2013056512109,30.6692961431855,196088
"391",43.544355785462,30.3947016472491,196092
"392",73.239466859409,45.5582966375318,196534
"393",-20.1739136223708,-66.0157759114242,13043
"394",75.9900514597672,-81.1652228645458,27266
"395",41.0424071750901,25.9402987517275,27343
"396",33.6600017563226,34.3592446382242,28479
"397",-42.6446525308897,11.218241382115,34267
"398",10.2186503069544,42.3476689514859,34401
"399",18.7532964658988,14.3840003419627,36203
"400",18.7532964658988,14.3840003419627,36204
"401",34.554925934523,36.0138981261443,37036
"402",43.4595655474003,32.0401097508574,37038
"403",42.5973851330887,33.2588647257267,37040
"404",43.1930021676186,31.7352185043887,37041
"405",94.696643878584,29.2934209350719,37180
"406",94.696643878584,29.2934209350719,37181
"407",26.5373207841717,18.1761336845126,38528
"408",31.0113552279376,40.5038242900731,39811
"409",111.766866085289,36.8984773437797,47280
"410",111.725126075737,36.8034363200314,47293
"411",35.1461359024133,-14.9770832931342,63904
"412",49.5716702571138,26.1527911864713,72325
"413",-40.3333484100475,-45.2694908265667,74750
"414",-20.8050721051886,-65.7840175318829,78686
"415",45.239943876249,33.135004776252,79946
"416",-37.6715985732285,27.4354241258501,85452
"417",45.2095858969882,33.1258537291844,85453
"418",33.438773946134,37.4695481963079,85454
"419",-31.7424889176617,10.9927788897173,85941
"420",119.832039139071,36.8827421506922,87146
"421",75.5552659731532,-80.9765485919555,87410
"422",75.4879919451796,-81.1011872879496,87414
"423",-38.2305046068216,13.0716571178067,90338
"424",119.716379388972,36.6951658498267,90374
"425",-19.8921077884713,-66.5364225761113,92309
"426",36.062925594174,35.975340465324,93104
"427",43.4595655474003,32.0401097508574,93201
"428",43.4595655474003,32.0401097508574,93202
"429",43.4595655474003,32.0401097508574,93203
"430",46.0842431208573,32.1139619832291,93205
"431",20.624051206313,46.8354407315245,93274
"432",30.4324737965966,45.6871265134041,93276
"433",30.751551046794,38.8464604518875,93382
"434",30.4865959299876,38.6118477208848,93385
"435",33.8580937152571,34.4265568816516,93775
"436",26.2681804442129,42.155017336719,94236
"437",26.2681804442129,42.155017336719,94237
"438",26.2681804442129,42.155017336719,94238
"439",26.2681804442129,42.155017336719,94240
"440",26.2681804442129,42.155017336719,94243
"441",26.2681804442129,42.155017336719,94246
"442",45.60639195635,32.5295821046685,94369
"443",-42.0203085658581,6.84408718630519,95077
"444",-42.1680071764528,7.03247979480535,95105
"445",-42.1678091052826,7.03237173211648,95106
"446",-42.1695797018343,7.0235080874933,95107
"447",-42.0362670181785,6.98574993746503,95109
"448",-42.0221099383955,7.23786465248826,95116
"449",21.0427508333715,17.6273007589468,97732
"450",102.392612048806,16.3777045159215,98007
"451",45.1977300813974,32.694212871457,98595
"452",-10.8967020371551,-64.7154091217905,98611
"453",-11.0428558242542,-64.7500863973655,98612
"454",-10.063042161854,-65.2649047245689,98613
"455",-10.3932676078896,-64.919664291364,98614
"456",-12.3922139984187,-64.635640325624,98615
"457",-11.5159156449689,-64.540866594042,98616
"458",-10.8189208545638,-64.680327459659,98617
"459",-16.408935803205,-65.2978682054398,98618
"460",-16.408935803205,-65.2978682054398,98619
"461",-20.2672516961059,-65.7786342348483,98620
"462",32.2795219257705,30.9291239184885,105043
"463",-37.1897281804332,27.100501988283,105082
"464",-37.1870924684816,27.0899969745286,105083
"465",-41.75633057198,8.84284216625458,105542
"466",75.4879919451796,-81.1011872879496,105602
"467",85.7463840793961,32.3586143840561,105775
"468",20.1422593894837,16.9397611729297,109489
"469",97.653821136768,16.3326697266853,114113
"470",20.1642246550877,17.0791034946559,117152
"471",119.7844600975,36.9405384246964,117523
"472",27.0741707464529,19.362906496094,118063
"473",20.2225024935634,13.9827473902213,118143
"474",20.2339593096181,13.7564701352982,118144
"475",20.3435687735257,14.0784557374425,118145
"476",20.2679788997838,14.8502941913288,118146
"477",20.2758731588112,13.8065407118831,118147
"478",20.3050561164857,13.9230814044103,118149
"479",20.3233207290921,14.0358611598409,118150
"480",41.3072132275484,-43.9544076429399,119513
"481",9.11168508326161,42.2068121628765,120222
"482",9.45946877411595,42.3063678118292,120228
"483",9.31704438657152,42.2213160909449,120230
"484",9.39762002247977,42.2197335613422,120231
"485",9.5317416733743,42.3018652438012,120232
"486",9.58210427120858,42.3267693263786,120298
"487",8.72208769420448,42.2973914501102,120366
"488",8.48387357398584,42.2483750132089,120372
"489",-37.7584711158838,28.0158447438616,127262
"490",20.1599626787856,16.1458092410142,134163
"491",19.7576309512885,16.4960375180213,134164
"492",17.8770615901543,19.0302927876701,134293
"493",20.3878645769957,16.3356312426764,134516
"494",-40.3141304456743,9.26370069363429,135406
"495",-42.1695797018343,7.0235080874933,135412
"496",-41.683739878247,9.10280141882812,135440
"497",-31.7630480046224,11.7654270149651,135634
"498",-31.922806168359,11.7499150967349,135635
"499",-31.9898995108712,11.7267214335677,135636
"500",-32.3773722812728,12.3462396178078,135637
"501",-32.3155319382503,12.0914255781877,135638
"502",102.465174945468,-45.4597194408404,136545
"503",102.463316089804,-45.4610250455631,136546
"504",102.438834637242,-45.4398797984264,136547
"505",102.731990002697,-46.0316003430941,136548
"506",101.878045891665,-45.836555065708,136549
"507",81.4830621399305,-53.2125945885438,136550
"508",102.453894241651,-45.4527763626276,136569
"509",-11.5148610689868,-64.753772927794,137124
"510",-31.7085023582318,10.9181484938438,138080
"511",-31.6881246398496,10.8512359131389,138081
"512",-31.6356153322362,10.886485706835,138082
"513",44.6792416193354,33.3987408227194,141239
"514",44.5862917656394,33.7114785850728,141240
"515",42.6277212734097,31.9810788293484,143196
"516",31.0619558503935,40.5017811988065,143203
"517",33.1994227843211,42.0274565192428,143204
"518",9.31453558866085,42.1989295230019,143886
"519",8.83597074653105,42.2166267993187,143892
"520",9.11655460346007,42.3992942376571,144043
"521",8.72700605143367,42.315334634051,144048
"522",41.5252674648597,-43.8234314224369,144083
"523",41.7846956237646,-43.7600571303096,144086
"524",-11.5172784613666,-64.5483781312555,144318
"525",-19.3216864197065,-66.1693396936036,144330
"526",-11.0206111715198,-64.7612813284904,144331
"527",101.90098274867,18.9950717780331,144395
"528",-17.3130724814402,-65.068230280767,145503
"529",-18.136680245628,-65.2668059547941,145565
"530",-11.370950350122,-64.5722198177366,145593
"531",-11.5325729132644,-64.5439996968164,145594
"532",8.85191661780011,42.2747013801973,149381
"533",-0.357272737152743,2.59430599189267,149976
"534",-37.1870924684816,27.0899969745286,152277
"535",97.8662550882788,16.0865713156955,155373
"536",101.910035444901,19.7417271669222,155584
"537",43.6337131071608,26.4347818037263,157208
"538",97.8662550882788,16.0865713156955,173843
"539",-40.0566838529782,-45.5867722471755,174111
"540",-40.0566838529782,-45.5867722471755,174112
"541",27.1902069482312,19.3177846029517,175800
"542",-11.3745953739879,-64.5776926873585,182942
"543",-11.4989905285636,-64.7640294282275,182943
"544",-11.4989905285636,-64.7640294282275,182944
"545",101.909689986623,19.7463569911585,188665
"546",30.5010177574959,46.1280738899862,189553
"547",32.1549260392464,36.1220781236856,189566
"548",21.8672541909283,66.365808045272,189569
"549",34.5594400306678,36.2358287729093,190071
"550",35.8101421653653,32.4747022636573,192167
"551",43.7157575230542,32.2131050053453,192168
"552",42.4902895062437,31.7333730957367,192169
"553",97.7082550263424,16.1698781646327,194734
"554",101.910642322499,19.7414158547301,194788
"555",-42.4219015272113,11.2676787183028,195195
"556",97.7486237051915,16.1322182038086,195201
"557",26.0590416751913,18.2372500782579,195612
"558",42.5888367045677,31.9516070852373,195786
"559",42.639245102963,31.9798592990931,195797
"560",44.9500696209585,33.463808322049,195807
"561",44.9478111346774,33.4646420740569,195808
"562",44.9351535805205,33.4378821984108,195809
"563",44.8600668801398,33.3445384882347,195810
"564",45.2558470046436,33.3325475103073,195812
"565",45.2269668681003,33.3222279209114,195813
"566",45.2316290844653,33.3129725421653,195814
"567",45.2787764074026,33.1731711490757,195815
"568",45.2413725063708,33.1395112482946,195816
"569",45.8571131697272,32.9980810231144,195817
"570",45.7847671520087,33.0369941954738,195818
"571",45.7847671520087,33.0369941954738,195819
"572",45.4574647893984,32.9942711724403,195821
"573",46.0125981492345,32.7376095255235,195822
"574",46.0125981492345,32.7376095255235,195823
"575",45.5184748103923,32.5377637946627,195825
"576",45.4272251841701,32.280783670068,195826
"577",45.2864564253808,32.0603928599325,195827
"578",45.2039438514871,32.0797962816885,195828
"579",45.1897352676593,32.0340455460197,195829
"580",44.7102986147419,32.0737587206314,195830
"581",44.708573979132,32.0353446557702,195831
"582",44.6594386070233,32.0273712912466,195832
"583",44.536323904813,32.284787885096,195835
"584",44.3341548254544,32.1505501878067,195836
"585",44.344830826457,32.1498576921997,195837
"586",43.9128218970105,32.2517760784579,195838
"587",43.9037659762608,32.2471285489376,195839
"588",43.9011320733043,32.225009467551,195840
"589",43.8759440482293,32.1893998801815,195841
"590",43.8525857084798,32.004584367113,195842
"591",43.8145051294703,32.1610268525047,195843
"592",43.7904505586133,32.124477902948,195844
"593",43.7748256641234,32.1181581048048,195846
"594",43.7274091510085,32.1922272076438,195849
"595",43.7147577506349,32.1920323850056,195850
"596",43.7147577506349,32.1920323850056,195851
"597",43.723862974735,32.2149376708555,195865
"598",43.6901617701587,32.195816701081,195866
"599",43.6327818127155,32.1571351968392,195868
"600",43.6215429393291,32.1569752764651,195869
"601",43.5727020790391,32.1993206664995,195871
"602",43.4758460863477,32.0765749657644,195872
"603",43.4572166995187,32.0716692433454,195874
"604",43.4287561904064,32.0907389105686,195875
"605",43.4253648162812,32.069264677921,195876
"606",43.3173341085412,31.9874767552501,195878
"607",43.3238846285579,31.9733595971663,195879
"608",43.3202643918775,31.9615947146277,195880
"609",43.3243018847066,31.9433663290258,196029
"610",43.2914617098727,31.9031333784834,196030
"611",43.2488320738429,31.9140275460929,196031
"612",43.1447377113938,32.0490097761779,196032
"613",42.8970219563658,32.2473819272461,196035
"614",43.3257239960921,31.7769373900859,196036
"615",43.2323675600009,31.6819122186794,196037
"616",43.1813099954133,31.8116869938975,196038
"617",43.1187422754818,31.9551027538396,196039
"618",42.9304863888046,31.5842380585836,196040
"619",42.9635184875398,31.8316883111622,196041
"620",42.9635184875398,31.8316883111622,196042
"621",42.8993802352624,31.956012406728,196043
"622",42.8498964687939,32.0453530094125,196046
"623",42.8293128219496,32.1614378406396,196048
"624",42.7359185336941,32.1566582385288,196054
"625",42.5661567625117,32.0007292795314,196057
"626",42.6215414680206,31.9825140248879,196058
"627",42.639245102963,31.9798592990931,196059
"628",42.6059205136148,31.9696441783454,196078
"629",42.6021050396112,31.9683703302416,196079
"630",42.596089589958,31.9632646462793,196080
"631",42.5994797238209,31.8985930211552,196081
"632",42.4781165439964,31.7321026849942,196083
"633",42.653854161591,31.568283825,196084
"634",42.6475386631473,31.4517765978887,196085
"635",42.5261340492832,31.4648281008731,196086
"636",42.4190307872573,31.3855877175715,196087
"637",42.8346175257038,31.2656599456093,196091
"638",111.711536630254,36.861862272726,196094
"639",-42.3486886946877,11.4904566298193,196634
"640",21.0429964098346,17.6399831312867,196668
"641",49.5717303800315,26.1544216313209,196669
"642",19.6817170805504,16.6257137673606,196721
"643",9.46965943497212,42.2787121136985,196800
"644",-37.1733717772835,27.0615435153906,196982
"645",9.02135388921293,42.1595910665195,196985
"646",8.72700605143367,42.315334634051,196986
"647",-8.75292315629913,-67.1632383446301,20679
"648",41.8512691653942,34.7732321219843,28850
"649",18.3682289538277,8.7218702301997,31768
"650",18.3398365695473,8.85446844138407,31770
"651",10.2289057439825,15.5740237013891,34402
"652",22.6449722081721,19.0723085878093,34729
"653",-43.2863230467688,3.17620378730698,34888
"654",23.4450730807182,7.00936620519084,37323
"655",93.5071882552118,19.3170915976899,37605
"656",133.088295191766,-62.1846986965721,38348
"657",16.8510372383098,16.412932940885,44358
"658",-43.1834441819399,2.97790392384682,49853
"659",-43.1050703428266,3.20974235604029,49854
"660",-43.5597346734045,3.43108979010041,49855
"661",-43.5597346734045,3.43108979010041,49856
"662",-43.2743175305605,3.17958575397156,52806
"663",24.850913817986,-52.934265312942,55756
"664",23.6888435918161,-52.906538669122,55757
"665",10.2010863024697,15.5549058885111,57944
"666",-40.2874963820876,-51.588613003896,59670
"667",17.9848214077327,17.6034196876786,59960
"668",23.261677457379,19.0850350461558,63538
"669",34.7107020827823,-12.9473555502378,63924
"670",34.7107020827823,-12.9473555502378,63939
"671",34.7107020827823,-12.9473555502378,63945
"672",24.8346903899384,-52.8294402814042,64085
"673",-9.63544740623885,-68.2286575057565,69697
"674",12.8746985545379,4.36784973185614,74513
"675",12.7932124315378,3.29817034706242,74517
"676",-44.1466911376294,6.98304667958862,75086
"677",-8.6134914329613,-67.1688931955011,80060
"678",9.35558628455358,15.8397658251701,80838
"679",-40.3383379852543,-51.8190446791941,85558
"680",17.7455364135355,13.3028448335234,85939
"681",17.6575807361251,13.2909290288143,85940
"682",-8.61498843186332,-67.1798695183487,85943
"683",18.2735101846267,16.7229502569105,85958
"684",21.0440156579246,7.74066660803866,86828
"685",21.0464339956683,7.74091613052672,86829
"686",21.0464339956683,7.74091613052672,86830
"687",21.0464339956683,7.74091613052672,86831
"688",21.0464339956683,7.74091613052672,86832
"689",21.0464339956683,7.74091613052672,86833
"690",82.4930930794047,-75.6238957820735,87420
"691",93.9392884712553,15.0764527045963,88049
"692",68.9170977555226,49.1450824804525,88066
"693",-35.594855662847,0.676061511148236,88068
"694",9.67064614710624,13.677738910003,88950
"695",9.67061215563246,13.6844158691411,88951
"696",9.67218050137672,13.6860476477441,88953
"697",9.67288102767948,13.687423492243,88954
"698",9.67324099959453,13.6892759820112,88955
"699",9.67419669168993,13.6898503291228,88956
"700",9.6742801571,13.6895875578994,88957
"701",9.67480909955796,13.6909078224372,88959
"702",9.69239118306833,13.7089750438758,88960
"703",9.67475208967467,13.694667713897,88961
"704",9.67475208967467,13.694667713897,88962
"705",9.66936248446485,13.6793906553766,88963
"706",9.67423287043531,13.6945120129358,88964
"707",9.67405057478789,13.693295682974,88965
"708",9.67405057478789,13.693295682974,88966
"709",9.67463580706562,13.6908558591329,88968
"710",9.67463580706562,13.6908558591329,88969
"711",9.67455656320969,13.6917028206795,88970
"712",9.67102927916413,13.6825043993984,88973
"713",9.6722260305629,13.703216140436,88974
"714",9.69230638545684,13.7092416038702,88977
"715",9.67390432562124,13.6967410156391,88978
"716",9.67480909955796,13.6909078224372,88980
"717",9.67390432562124,13.6967410156391,88981
"718",9.66202463992637,13.6487062430399,88984
"719",9.67444496607625,13.6884711325341,88989
"720",9.67515506081704,13.6910115636569,88992
"721",9.67444921192284,13.6890553266447,88993
"722",9.67478610524904,13.6879946859208,88994
"723",9.69307701274157,13.5896962075144,88995
"724",9.67419153900737,13.689269002527,88997
"725",9.67463157589353,13.6902716668086,88998
"726",9.67510284524223,13.6953558295621,88999
"727",9.68426087582463,13.7071132974559,89000
"728",9.6919605303909,13.7091377616185,89002
"729",49.7694994556064,-50.0756080659889,89952
"730",-8.49605333576422,-67.2353825006766,90309
"731",18.9894274531105,16.6497230131653,91830
"732",96.5005761555916,21.0072286317163,92024
"733",-8.65574041182528,-67.0702077806351,92310
"734",-9.94492527886105,-66.9768351653428,92312
"735",-7.92779910497273,-67.0541315913295,92313
"736",89.8657578694903,42.2004777694637,92436
"737",91.4183595024126,39.3865124085303,92480
"738",89.7115256029491,41.3412586444386,92481
"739",18.5562872204601,16.7179741595343,92888
"740",24.7888180838143,-52.8772885617128,93024
"741",41.8507805751745,34.8711698378147,93156
"742",17.9568221053015,16.0396890200652,94551
"743",24.6698419116398,-52.823774293112,94651
"744",-43.210996033554,3.12301477016701,95079
"745",-43.210996033554,3.12301477016701,95080
"746",-43.210996033554,3.12301477016701,95083
"747",-43.210996033554,3.12301477016701,95084
"748",-42.958451863086,2.66847791749904,95088
"749",-43.6994088731238,4.44038972215008,95089
"750",-43.210996033554,3.12301477016701,95090
"751",-43.210996033554,3.12301477016701,95091
"752",-43.3041747259177,3.21297978519951,95092
"753",-43.3041747259177,3.21297978519951,95093
"754",-43.4254904600686,3.33850491558182,95094
"755",-43.6994088731238,4.44038972215008,95095
"756",-43.6404726706693,3.53358778701253,95112
"757",-43.210996033554,3.12301477016701,95324
"758",-10.798944136838,-67.6235920655885,96327
"759",-6.41217262269509,-66.6673364026173,96328
"760",-9.7223922110766,-67.0176209516398,96329
"761",22.6204009707095,18.9432609745957,96435
"762",15.2774643899909,17.0768662011746,96875
"763",41.6962449922772,34.9203058974995,97409
"764",41.9356270859216,34.8640440402327,97410
"765",41.0171871709379,35.5949155803042,97414
"766",39.8854478299078,34.6637942887021,97415
"767",39.8854478299078,34.6637942887021,97417
"768",41.4153562018274,35.3509792219676,97693
"769",96.6239112534247,23.0465323244859,97694
"770",9.88677601157356,15.4970067800288,97695
"771",94.3839479261915,15.1186016229188,97696
"772",18.7728042103946,16.7169623307367,97846
"773",94.3036784664421,14.2165038338417,97946
"774",94.9746353812117,16.6744437897519,97985
"775",98.3505291811079,14.6567297993112,97989
"776",95.1439295793912,16.6939430469822,97990
"777",-43.9799267989492,7.40740203376181,98011
"778",21.0472042596873,7.7403233284484,98104
"779",93.92206863779,15.0666998112367,98906
"780",22.1672423468403,6.69605626576909,99307
"781",82.8502280386694,-76.7052940924889,99431
"782",22.4647695898055,-52.7621757245659,99436
"783",22.4647695898055,-52.7621757245659,99437
"784",-9.60910064828281,-53.8926641188289,99452
"785",-9.60910064828281,-53.8926641188289,99453
"786",-9.60910064828281,-53.8926641188289,99454
"787",-9.58890676340943,-53.9026729641814,99456
"788",-9.58890676340943,-53.9026729641814,99457
"789",-9.58890676340943,-53.9026729641814,99468
"790",-9.63895084360232,-53.8270300518539,99544
"791",-9.63895084360232,-53.8270300518539,99546
"792",-9.63895084360232,-53.8270300518539,99548
"793",-9.5720716846803,-53.9110124316222,99552
"794",-9.5720716846803,-53.9110124316222,99553
"795",-9.76431360426892,-67.1769075435426,99751
"796",89.7783528430988,41.6202074721401,100138
"797",94.3839479261915,15.1186016229188,100295
"798",94.3839479261915,15.1186016229188,100296
"799",94.3839479261915,15.1186016229188,100297
"800",94.3839479261915,15.1186016229188,100298
"801",94.3839479261915,15.1186016229188,100299
"802",94.3839479261915,15.1186016229188,100300
"803",94.3839479261915,15.1186016229188,100301
"804",91.2424710924439,39.2893174604499,101059
"805",91.2424710924439,39.2893174604499,101060
"806",91.2837356202961,39.2338524547293,101061
"807",91.2797420621434,39.3017663220172,101062
"808",91.3810833672502,39.3740680952004,101063
"809",91.3810833672502,39.3740680952004,101064
"810",89.7783528430988,41.6202074721401,101157
"811",91.3007363509967,39.2318394291805,101159
"812",91.4320999788721,39.3680235230942,101160
"813",91.3275066348609,39.2792495572104,101161
"814",91.2424710924439,39.2893174604499,101162
"815",91.2424710924439,39.2893174604499,101163
"816",91.2699770121833,39.2523410192749,101164
"817",91.0892426331344,41.3650506455568,101165
"818",91.0892426331344,41.3650506455568,101166
"819",91.0892426331344,41.3650506455568,101167
"820",91.0892426331344,41.3650506455568,101168
"821",91.2627395535411,39.3037791361355,101169
"822",91.4320999788721,39.3680235230942,101170
"823",89.4436912458232,41.0183432923841,101171
"824",-40.9017858337308,-52.0319633089209,101828
"825",-43.3959831340703,7.10851503142728,101858
"826",-9.74761880311133,-67.1723691911954,101955
"827",-9.62428711910236,-68.2151346663933,101957
"828",-9.88954725659915,-67.2226795734234,101962
"829",-9.62428711910236,-68.2151346663933,101963
"830",16.277257500654,5.22863761258608,102284
"831",-43.9636262527141,7.4284137158816,102378
"832",-43.9465131945748,7.60305414134621,102379
"833",-43.9536234229247,7.412267159294,102473
"834",94.3608913007533,15.0555628418723,103539
"835",94.3531644347858,15.0405432817429,103987
"836",17.8743186902894,14.6272950387064,104759
"837",22.5853396177124,18.9139542399719,104812
"838",94.4012858754458,15.2225718179311,104825
"839",94.3531644347858,15.0405432817429,104866
"840",17.6036089558908,15.1656536065309,105185
"841",18.4555308622556,17.3032838885287,105188
"842",49.7580743578619,-50.1018542128583,105238
"843",49.7580743578619,-50.1018542128583,105239
"844",-40.8345099509555,-52.0388764306505,105241
"845",-10.7965951151465,-67.623711142619,105293
"846",-10.8149990470059,-67.6332285456408,105294
"847",-9.62428711910236,-68.2151346663933,105295
"848",84.0126731085264,-74.6524254489924,105296
"849",24.0516775066074,-52.9076632674749,105297
"850",23.9731332693903,-52.9649134405229,105298
"851",24.7929173079489,-52.8664565622357,105699
"852",24.8428184218909,-52.8818731471375,105767
"853",21.0447431692207,7.73623847078311,105768
"854",18.538213760273,17.9941596360045,106438
"855",133.242134051518,-62.0244973587347,106483
"856",15.3104577702653,17.088027307319,106538
"857",17.9375840675244,13.52219221959,109490
"858",94.3287669149837,14.1731554861429,110023
"859",-43.443856928394,5.38486520374709,114090
"860",-43.7109896599485,5.52775435850356,114092
"861",-43.7609458800632,4.39774211398492,114094
"862",-43.7618306833379,4.44718895240592,114095
"863",-43.7330656218019,4.51027362201716,114097
"864",50.0126408059834,-49.663883311129,116354
"865",22.7667753239667,19.0428160718893,116890
"866",35.0049488440466,-13.3253399706635,118056
"867",94.2337135718925,14.2985366926685,123839
"868",19.0800167316385,16.5778728847733,130793
"869",25.5141194826705,2.51703092079052,133310
"870",15.9129187662701,15.5078882212247,134292
"871",17.8532306834661,14.4188198365996,134302
"872",17.8882633266264,14.5126954019814,134304
"873",18.291499590261,18.2300164196905,134498
"874",17.7795498005092,14.2936579085666,134506
"875",-43.6994088731238,4.44038972215008,135410
"876",-43.544428935934,5.81831201309548,135411
"877",-43.3238250418186,2.73314475177434,135413
"878",-42.4942030721492,6.54250499499925,135439
"879",-35.5509506748583,0.658090927950134,135441
"880",84.2883863919663,-74.6513075448196,135697
"881",132.07369586878,-62.4355380836069,136481
"882",132.90026591342,-62.2258763167841,136487
"883",52.2428937717723,-46.8670179121407,136643
"884",53.076159198593,-46.8644630153823,136644
"885",53.1128711021914,-46.8425364034779,136645
"886",52.2428937717723,-46.8670179121407,136646
"887",49.7472976507649,-50.066851234811,136647
"888",50.004516081449,-49.4251287496869,136648
"889",24.8343291081676,-52.8290828596514,136890
"890",23.9731332693903,-52.9649134405229,136891
"891",24.850913817986,-52.934265312942,136941
"892",19.0917853629579,16.5549377261664,137641
"893",22.6451531531052,18.9568389206365,138068
"894",22.5305759160674,8.2202456865999,138070
"895",19.1525842225986,19.3976389559706,138071
"896",19.1525842225986,19.3976389559706,138090
"897",18.5629143062342,17.5633711643846,138101
"898",18.9894274531105,16.6497230131653,138106
"899",18.8739974727792,16.7210899467595,138109
"900",18.9332892499247,16.6100324608615,138110
"901",18.4337459577452,17.876902537021,138114
"902",19.1525842225986,19.3976389559706,138116
"903",19.1525842225986,19.3976389559706,138117
"904",17.8129915589971,17.3012888356345,138118
"905",18.5795437298484,18.0087625551489,138122
"906",18.5846087143231,17.7181231808759,138123
"907",18.2331488321717,15.0193636834401,138124
"908",17.8971260154448,15.4709239882002,138134
"909",17.774332595378,14.3072174574817,138135
"910",19.0800167316385,16.5778728847733,138136
"911",-43.9542141213508,7.41406148801005,138264
"912",17.3265970919308,17.5742571821932,139348
"913",-9.76065906875561,-67.1747932872958,141537
"914",15.2774643899909,17.0768662011746,142738
"915",90.2087624532548,37.6247110143586,143312
"916",66.6145847547162,49.069545533156,143379
"917",89.8657578694903,42.2004777694637,143449
"918",89.6936638798808,41.9675013446101,143450
"919",24.7978021452251,-52.8842259445588,143452
"920",89.3957837221767,41.040795947974,143455
"921",89.609259669636,40.020995955805,143462
"922",89.7854241383543,40.9784271910586,143463
"923",91.4320999788721,39.3680235230942,143467
"924",91.2497234106641,39.2378790791916,143469
"925",91.2974856837012,39.2153647813055,143471
"926",91.2627395535411,39.3037791361355,143499
"927",-8.58994701746326,-68.63713681801,144122
"928",-9.77380244739653,-67.1647008761167,144319
"929",-8.42239379881203,-66.8718125748568,144341
"930",-8.84060451183117,-66.7200733064717,144343
"931",-8.6134914329613,-67.1688931955011,144344
"932",24.8115273169566,-52.9032107384071,144368
"933",-9.42380251268259,-66.9801876866354,145499
"934",21.0138971201364,7.73817455374469,149323
"935",34.6610403726259,-12.9019476874621,149344
"936",22.5798362719555,-52.8742489689146,151894
"937",23.2119481586276,7.11015509501259,154341
"938",-10.8010759713724,-67.6366492251516,159734
"939",-10.6262979074439,-67.5894523592316,159735
"940",-10.8090773226532,-67.6363196655623,159736
"941",-10.8276960319317,-67.6326648866014,159737
"942",-10.7171258572914,-67.6251769011847,159738
"943",-10.674171727436,-67.5954671756441,159739
"944",25.1856152119231,-53.0705520590587,159740
"945",24.4058935759726,-52.9302963151632,159741
"946",24.4836919338909,5.77634712750102,166628
"947",89.1084108780012,39.8653524145116,168395
"948",-8.61030451495977,-67.0717489173938,171026
"949",16.2474609439039,5.22250179449909,171375
"950",88.6248625737603,38.767675267701,175580
"951",23.9549520812355,20.3322949963786,175801
"952",21.0461820181519,7.73738114646079,175949
"953",-13.020083577916,-66.8019357899552,177022
"954",-9.75915570397822,-67.1742013027981,177025
"955",24.8428184218909,-52.8818731471375,177602
"956",-9.63544740623885,-68.2286575057565,179589
"957",24.6698419116398,-52.823774293112,181056
"958",24.6698419116398,-52.823774293112,181057
"959",25.0633694137233,-52.7018379827806,181058
"960",17.9980643197,13.6977875709728,182564
"961",34.5793422181977,-13.1443985648436,182566
"962",10.2753464289347,16.2858434106885,184946
"963",24.3015225870696,-52.8294834980513,185533
"964",22.4647695898055,-52.7621757245659,185744
"965",10.1201059189126,16.2237316282213,186039
"966",25.3258204356284,6.83499959000472,186975
"967",24.3015225870696,-52.8294834980513,187940
"968",16.8916669230897,14.2101327005824,189021
"969",93.964526668253,14.2799481680993,189035
"970",41.6944787708861,34.7789553847434,189562
"971",23.6034581353946,42.8408422487114,189565
"972",-8.91779774957608,-67.0279933362794,190131
"973",24.853857465307,-52.8452159196046,192598
"974",22.2563135752235,-52.8369466241048,192617
"975",24.6366295579152,-53.0118536013217,192618
"976",23.9836555571277,-52.9407243508244,192672
"977",53.0188210368674,-46.7944690307278,194079
"978",24.9566696248242,-52.8655723940563,194380
"979",24.850913817986,-52.934265312942,194381
"980",24.1920957271204,-52.8081381622205,194382
"981",23.3151738320854,7.08474805771222,194383
"982",24.7888180838143,-52.8772885617128,194548
"983",22.6319297806598,7.32578799627752,194584
"984",94.3036784664421,14.2165038338417,194777
"985",94.3036784664421,14.2165038338417,194784
"986",21.0121129507773,7.73779074164152,194790
"987",112.437005893332,43.4207669053342,195194
"988",17.9358994474239,18.3839971023701,195570
"989",23.2704703749064,19.112839409204,195571
"990",23.1501100080675,19.2399109572097,195613
"991",19.0800167316385,16.5778728847733,196168
"992",-43.9742142552016,7.36967985202773,196200
"993",-35.6808635807294,0.661926853315564,196355
"994",16.1536796109494,17.5935300228949,196513
"995",17.976162884973,14.0101289324249,196545
"996",94.2713271415727,14.2014634381185,196553
"997",30.9116323068879,3.43838480519932,196589
"998",17.8106370178885,14.3260073403121,196670
"999",10.3290874274428,1.14723914824208,196719
"1000",24.7888180838143,-52.8772885617128,196736
"1001",24.6786103815997,-52.905652911025,196737
"1002",17.9797795370073,18.2115666620697,196743
"1003",3.50805933594357,41.9003444450328,196805
"1004",23.2040675503537,7.06848791808427,196816
"1005",18.0474240706744,13.5531348353383,196846
"1006",17.9318871687094,16.0677303646747,196847
"1007",17.8639621464219,14.6227667653853,196848
"1008",31.424223014545,0.850276796542515,196861
"1009",23.6979671444412,6.47884880695968,196956
"1010",-43.761658417402,4.47330204745624,196998
"1011",-10.2602942635602,-68.0947210040381,196999
"1012",-10.2602942635602,-68.0947210040381,197000
"1013",-8.49115737244411,-66.8898511363828,197001
"1014",17.4424300764695,13.7934888257896,13344
"1015",-16.2138349250938,-46.4646982496616,36274
"1016",-18.2194738350372,-46.480156442951,48659
"1017",15.068724751684,21.5314250377287,48685
"1018",14.8208337764448,23.1391113881484,48695
"1019",15.0712166135082,21.6835684131966,57781
"1020",-35.7733745095369,-45.7693340401679,59669
"1021",15.2129369172642,21.6999836777473,59927
"1022",15.5108636724724,23.0770879349593,59966
"1023",31.3048920164328,-6.31083753310514,63949
"1024",14.9876150484102,21.5817087985797,66100
"1025",-18.2194738350372,-46.480156442951,72140
"1026",-18.2194738350372,-46.480156442951,72141
"1027",-35.2288081525057,-46.2506965216228,74751
"1028",39.5727426499413,41.5677289740518,79970
"1029",6.60280485726086,22.4893969906671,83053
"1030",17.7440481907831,14.5266270350792,86834
"1031",17.7440481907831,14.5266270350792,86835
"1032",17.7440481907831,14.5266270350792,86836
"1033",17.7450821579115,14.5196085564463,86841
"1034",-16.1746551351007,-46.4333762896481,92807
"1035",-16.4955407817814,-46.4349751014917,92809
"1036",-17.1559427647409,-46.3044915707554,93693
"1037",40.4507535031058,40.8686078039484,97411
"1038",40.4372786364089,40.8614878477085,97428
"1039",40.4604609187212,40.8642977724281,97439
"1040",40.5308965908053,41.1931602015295,97440
"1041",93.2053096505021,20.4094530816615,97733
"1042",18.9034949632452,15.1617513634782,97847
"1043",15.1676313332575,21.9386015970189,97851
"1044",15.7694162346519,22.9350428974819,97853
"1045",21.1651808979922,14.2901594738592,97856
"1046",93.269130332556,20.5499271586714,98691
"1047",93.1901639759325,20.4043080105839,98851
"1048",93.0464609684391,20.4083319457993,98907
"1049",-16.7855609243849,-46.4293343258298,99237
"1050",20.1825472223014,13.3909692469467,99314
"1051",-18.2194738350372,-46.480156442951,99363
"1052",-18.2194738350372,-46.480156442951,99365
"1053",-18.2194738350372,-46.480156442951,99368
"1054",-18.2194738350372,-46.480156442951,99374
"1055",-18.2194738350372,-46.480156442951,99412
"1056",-18.2194738350372,-46.480156442951,99413
"1057",-18.2194738350372,-46.480156442951,99414
"1058",-18.2194738350372,-46.480156442951,99415
"1059",-18.2194738350372,-46.480156442951,99416
"1060",-18.2194738350372,-46.480156442951,99417
"1061",-18.2194738350372,-46.480156442951,99418
"1062",-18.2194738350372,-46.480156442951,99419
"1063",-18.2194738350372,-46.480156442951,99420
"1064",-18.2194738350372,-46.480156442951,99421
"1065",-18.2194738350372,-46.480156442951,99422
"1066",-18.2194738350372,-46.480156442951,99423
"1067",-18.2194738350372,-46.480156442951,99424
"1068",-18.2194738350372,-46.480156442951,99425
"1069",15.0491506404973,21.5566002354624,99426
"1070",60.6262178731718,40.5384567800472,99542
"1071",136.40097733908,-76.6865346896815,101407
"1072",14.930517973063,21.6647444819551,101873
"1073",15.1244162220254,21.5988195119755,101875
"1074",15.2159002515766,21.7022285475377,101877
"1075",-1.26816046122432,47.8177526920854,102302
"1076",-0.904030751535166,48.2735587575018,102303
"1077",14.9183410384437,21.7337905899364,103793
"1078",13.7531434524142,20.5362878386661,104803
"1079",-16.2138349250938,-46.4646982496616,105523
"1080",-16.2138349250938,-46.4646982496616,105524
"1081",-16.2138349250938,-46.4646982496616,105525
"1082",-16.4715497099341,-46.5686889895518,105527
"1083",-16.2138349250938,-46.4646982496616,105529
"1084",-15.3082757338795,-46.3246672220783,105604
"1085",-18.2194738350372,-46.480156442951,105826
"1086",-18.2194738350372,-46.480156442951,105827
"1087",-18.2194738350372,-46.480156442951,105828
"1088",-18.2194738350372,-46.480156442951,105829
"1089",-18.2194738350372,-46.480156442951,105830
"1090",17.8042286116434,14.5721120299046,106316
"1091",15.0491506404973,21.5566002354624,106349
"1092",15.083828905921,21.4950444399556,106350
"1093",15.0128496643476,21.6602034685671,106351
"1094",15.1266959254022,21.5985998936995,106352
"1095",14.9496155451869,23.4723643200053,106353
"1096",14.6831792587613,21.2364435564886,106356
"1097",14.7681713323865,21.2458894724067,106357
"1098",14.6008885832927,21.1914861251024,106358
"1099",14.9276192524698,23.5367744122465,106359
"1100",14.9356937853031,23.5218373740546,106360
"1101",14.99049678644,22.98922901828,106361
"1102",-18.2194738350372,-46.480156442951,106504
"1103",92.9933514119293,20.3374797670211,106668
"1104",17.7428374225689,14.5125528366658,106697
"1105",-16.9743222701524,-46.3494991248722,107352
"1106",-16.9726722939994,-46.3488160243757,107353
"1107",19.7668772640869,13.9429576932443,109522
"1108",11.9882688728301,11.2814011020639,109710
"1109",11.5645228959949,12.2357715102709,110826
"1110",17.7312754680976,14.5105526478732,110929
"1111",17.7312754680976,14.5105526478732,110930
"1112",60.6025801460481,40.5203474124847,115162
"1113",17.7048052102954,14.5215317691978,116568
"1114",18.7234167519967,14.7765823080699,117530
"1115",-16.2357373945252,-46.3322256067676,117926
"1116",92.4019516140752,20.7608479594119,119443
"1117",18.0181889679446,14.4623157776695,120901
"1118",27.0052736650217,-1.80700830699839,120903
"1119",17.7442705564289,14.519016198943,122066
"1120",93.1101561473333,20.4539540897366,130791
"1121",92.4049604250694,20.7663014624356,130792
"1122",93.1101561473333,20.4539540897366,135701
"1123",13.1244539740015,20.1730579717628,137680
"1124",13.8140732079781,21.3721181044399,138083
"1125",15.42816304959,20.6382408789778,138084
"1126",15.0974918192105,21.8596220909605,138085
"1127",14.9578498251584,21.7004887097244,138086
"1128",15.7043109501648,22.9852094234034,138087
"1129",14.7780907815501,21.177834967137,138088
"1130",14.7575937411299,21.7109541187122,138089
"1131",14.8455300474827,22.0711540190302,138091
"1132",15.8105977138048,22.8946876432428,138096
"1133",15.2046863977563,21.7172581957742,138097
"1134",14.570140609681,21.5809875340716,138098
"1135",14.3284423529257,21.2595156703362,138099
"1136",14.5794909339577,23.530165921043,138100
"1137",15.1157238767782,23.7172394431297,138102
"1138",15.1553822027698,21.9041738612212,138103
"1139",15.1244162220254,21.5988195119755,138104
"1140",15.7043109501648,22.9852094234034,138105
"1141",15.7043109501648,22.9852094234034,138107
"1142",15.7043109501648,22.9852094234034,138108
"1143",14.6950460556023,21.1202265066621,138111
"1144",15.1984125546594,21.7391034644605,138112
"1145",14.9815386353634,23.6140315549901,138120
"1146",14.8665949210025,23.646395359726,138121
"1147",14.2240655795276,24.6919294206485,138125
"1148",18.0181889679446,14.4623157776695,138126
"1149",17.9734191652456,14.290791400893,138127
"1150",13.4504112942687,12.1429620571743,138129
"1151",17.7384835737187,14.5310395194815,138130
"1152",14.4284471519341,21.4721276426279,138131
"1153",12.3928759440982,23.5901128447207,138132
"1154",14.76361077413,19.8447994976234,138133
"1155",20.0058081819407,25.5120892639533,138137
"1156",17.9435319992885,28.8909026684666,138138
"1157",15.8552231943057,25.7340661837097,138139
"1158",15.3080324844155,23.7409288611676,138140
"1159",15.6960369266922,22.9789205108066,138884
"1160",15.8291920997181,22.828628566678,139731
"1161",15.8291920997181,22.828628566678,139732
"1162",25.9438024297228,50.2171588559306,143195
"1163",14.856684201108,21.3459544274836,145501
"1164",37.4452999041945,-13.8269423833956,149547
"1165",37.435303979867,-13.8258434281046,149548
"1166",38.225300671051,-16.1928469294505,149549
"1167",19.9594091017917,25.4981889654459,149685
"1168",93.0744740649821,20.4514556937988,153371
"1169",93.0744740649821,20.4514556937988,153372
"1170",18.0181889679446,14.4623157776695,153404
"1171",25.2489852121336,8.30764504603028,156151
"1172",25.2509739917149,8.3068381310162,156153
"1173",21.1426305977377,12.8120201075162,166630
"1174",18.7234167519967,14.7765823080699,172168
"1175",18.7260274793256,14.7682841630588,172169
"1176",93.0744740649821,20.4514556937988,175087
"1177",-16.1748633325614,-46.4448559334462,175574
"1178",13.8140732079781,21.3721181044399,175586
"1179",-1.01632524747603,47.0933763833038,175939
"1180",17.7442705564289,14.519016198943,180491
"1181",17.7442705564289,14.519016198943,180492
"1182",17.7442705564289,14.519016198943,180493
"1183",17.7442705564289,14.519016198943,180497
"1184",17.7442705564289,14.519016198943,180502
"1185",17.7442705564289,14.519016198943,180508
"1186",17.7442705564289,14.519016198943,180515
"1187",3.33451750942615,24.0632667329177,181936
"1188",3.32140380946434,24.0600680293612,181937
"1189",3.32357168266081,24.0618763230213,181938
"1190",3.25258152636965,24.0412548470691,181939
"1191",3.24973158766069,24.0408146961868,181940
"1192",3.31205927466912,24.0557514663311,181941
"1193",3.30054546439014,24.0450486872141,181942
"1194",3.17155745203791,24.0982335093141,181943
"1195",3.17158757054258,24.0982624400889,181944
"1196",3.17149551909097,24.0983065995507,181945
"1197",3.17168551984394,24.0976731776215,181946
"1198",3.17128405506317,24.0980839151329,181947
"1199",15.2012570183649,21.7051720580644,187582
"1200",14.8071021496498,21.6027675796531,187948
"1201",-16.9743222701524,-46.3494991248722,189497
"1202",41.0853147359345,37.1345377652914,189563
"1203",14.7577845892305,21.7088853417229,194779
"1204",17.7356146428972,14.5240844163813,194785
"1205",-34.8963002432177,-46.0237258808892,195243
"1206",20.9698430104657,13.1964547426245,195572
"1207",9.55863538752585,10.3932889821175,195711
"1208",92.8729741625955,20.1820296787815,196166
"1209",93.0744740649821,20.4514556937988,196506
"1210",93.0744740649821,20.4514556937988,196507
"1211",93.0744740649821,20.4514556937988,196508
"1212",93.0744740649821,20.4514556937988,196509
"1213",93.0744740649821,20.4514556937988,196510
"1214",9.31714021596635,11.9176719118908,196600
"1215",18.6505732619461,14.7652814551111,196661
"1216",15.2173140972857,21.7512115212902,196712
"1217",93.7079745959572,21.1031074818518,196817
"1218",93.622421664055,20.9636613810335,196818
"1219",15.1531156846395,23.8185942569981,196842
"1220",14.8459051929268,23.5266505817739,196843
"1221",15.0021419815849,23.6656240910868,196844
